"j","mu","sigma_2"
1,2.47482754709875,0.00485090432798091
2,0.682047562668234,0.00996140823434227
3,0.222921676893202,0.00666416066201714
4,-0.137303159228494,0.00640375613722989
5,0.150350385588697,0.00667809560528902
6,0.30854219903814,0.00950780234794573
7,-0.128055607972665,0.0145202487600662
8,0.0336830133430758,0.0112326639616685
9,0.118358571199287,0.0136082120720671
10,-0.372633102276278,0.00480735028830383
