j,mu,sigma_2
1,2.47533628147771,0.00481236474378234
2,0.681795743381563,0.0099053153922284
3,0.224231398015431,0.00655387658734028
4,-0.137329823944249,0.00649078593056961
5,0.149463307145446,0.0065508024868548
6,0.30870528724067,0.0094155228733684
7,-0.12853990294053,0.0144232064837339
8,0.0337276768766513,0.0109762211484644
9,0.119071690151139,0.0136115029309113
10,-0.371955958979885,0.00492107557852322
