"j","mu","sigma_2"
1,-1.00989211742423e-15,0.00106628423891952
2,-0.00540337858731713,0.00129683378301568
3,-0.146494873322262,0.00138730506854462
4,0.321708183016352,0.00164159979302523
5,0.199047952770003,0.00158417982624752
6,-0.395952291190143,0.0498787296789357
7,0.221640341043746,0.0337540422250221
8,0.0197986232204624,0.013290608068633
9,0.0952963767966179,0.00880774096694887
10,0.429845534718058,0.00901202464481656
11,0.0417620058541879,0.00159073896086805
