"j","mu","sigma_2"
1,2.47480432429424,0.0050368251954423
2,0.681437213457129,0.0102161131395756
3,0.222198325396386,0.00690961392813225
4,-0.136554561572951,0.00641063941593968
5,0.150547509355733,0.00686268069826363
6,0.309409069257686,0.00967224304441735
7,-0.128144567880838,0.0146901788563133
8,0.0332372973236929,0.0114506480481672
9,0.118216034088698,0.0140684565416365
10,-0.372463280382667,0.00527204416725613
