"j","mu","sigma_2"
1,2.47485459268094,0.00483801235346589
2,0.682118707613802,0.00978406151393312
3,0.223063763532948,0.00649871645280703
4,-0.137633778830264,0.00625846465761336
5,0.150658914799307,0.00651065813080317
6,0.308833606040905,0.00925284893842764
7,-0.128105912173279,0.0140856865575867
8,0.0334312950185545,0.0109469051030967
9,0.118395203091865,0.0132081197977488
